index,Ttles
1,Parasite (Gisaengchung) (2019)
2,Avengers: Endgame (2019)
3,Knives Out (2019)
4,Us (2019)
5,Toy Story 4 (2019)
6,The Irishman (2019)
7,Little Women (2019)
8,Booksmart (2019)
9,The Farewell (2019)
10,A Beautiful Day in the Neighborhood (2019)
11,Marriage Story (2019)
12,If Beale Street Could Talk (2019)
13,Once Upon a Time In Hollywood (2019)
14,Spider-Man: Far From Home (2019)
15,Pain and Glory (Dolor y gloria) (2019)
16,Shazam! (2019)
17,Ford v Ferrari (2019)
18,Dolemite Is My Name (2019)
19,Apollo 11 (2019)
20,The Lighthouse (2019)
21,Rocketman (2019)
22,Uncut Gems (2019)
23,Amazing Grace (2019)
24,They Shall Not Grow Old (2019)
25,Ash Is Purest White (2019)
26,Honeyland (2019)
27,John Wick: Chapter 3 - Parabellum (2019)
28,Honey Boy (2019)
29,One Cut of the Dead (Kamera o tomeru na!) (2019)
30,Fighting with My Family (2019)
31,The Peanut Butter Falcon (2019)
32,Knock Down the House (2019)
33,Captain Marvel (2019)
34,Birds of Passage (Pájaros de verano) (2019)
35,Maiden (2019)
36,Hustlers (2019)
37,One Child Nation (2019)
38,For Sama (2019)
39,3 Faces (2019)
40,Chained for Life (2019)
41,First Love (Hatsukoi) (2019)
42,Woman at War (Kona fer í stríð) (2019)
43,How to Train Your Dragon: The Hidden World (2019)
44,White Riot (2019)
45,Transit (2019)
46,The Chambermaid (La camarista) (2019)
47,Tigers Are Not Afraid (Vuelven) (2019)
48,Midnight Traveler (2019)
49,Stan & Ollie (2019)
50,Ready or Not (2019)
51,Atlantics (2019)
52,Mickey and the Bear (2019)
53,Deadwood: The Movie (2019)
54,Varda by Agnès (2019)
55,"Scream, Queen! My Nightmare on Elm Street (2019)"
56,Hail Satan? (2019)
57,Changing the Game (2019)
58,The Heiresses (Las Herederas) (2019)
59,Toni Morrison: The Pieces I Am (2019)
60,The Last Black Man in San Francisco (2019)
61,Midsommar (2019)
62,The Mustang (2019)
63,Wild Rose (2019)
64,Blinded by the Light (2019)
65,Bad Education (2019)
66,Ad Astra (2019)
67,63 Up (2019)
68,Homecoming: A Film by Beyoncé (2019)
69,Too Late to Die Young (Tarde para morir joven) (2019)
70,Gloria Bell (2019)
71,By the Grace of God (Grâce à Dieu) (2019)
72,Midnight Family (2019)
73,Buñuel in the Labyrinth of the Turtles (Buñuel en el laberinto de las tortugas) (2019)
74,Fiddler: A Miracle of Miracles (2019)
75,American Factory (2019)
76,Dirty God (2019)
77,Making Waves: The Art of Cinematic Sound (2019)
78,I'm No Longer Here (Ya no estoy aquí) (2019)
79,Working Woman (2019)
80,The Cave (2019)
81,The Kingmaker (2019)
82,I Lost My Body (2019)
83,Harpoon (2019)
84,"Love, Antosha (2019)"
85,Little Woods (2019)
86,Jojo Rabbit (2019)
87,Dark Waters (2019)
88,The Amusement Park (2019)
89,The Two Popes (2019)
90,Mike Wallace Is Here (2019)
91,Ray & Liz (2019)
92,Be Natural: The Untold Story of Alice Guy-Blaché (2019)
93,Monos (2019)
94,Shadow (2019)
95,Rojo (2019)
96,In Fabric (2019)
97,An Elephant Sitting Still (Da xiang xi di er zuo) (2019)
98,It Must Be Heaven (2019)
99,The Mortuary Collection (2019)
100,Clemency (2019)
